mu_formula,m_r,c_L1,delta_c,calT_min,calD_bound_min,D_true_min
0.001,0.999,1.5199743874872944,0.0001,0.011681556653497018,-11.097184249852607,-0.5690930835852553
0.001,0.999,1.5199743874872944,0.001,0.09726379038918419,-11.062639165223828,-0.44578704687231896
0.001,0.999,1.5199743874872944,0.01,0.6406987635496472,-10.729477751483415,0.2678769878135677
0.001,0.999,1.5199743874872944,0.03,1.4617243524977404,-9.974910636341383,1.2182120711567996
0.001,0.999,1.5199743874872944,0.1,3.5392559291883288,-7.194534326827393,4.380855224958067
0.001,0.999,1.5199743874872944,0.3,7.6753531571799245,1.842282664607799,12.093154726538978
0.001,0.999,1.5199743874872944,1.0,16.84657650030908,44.509312366316856,52.00878360282682
0.005,0.995,1.554964829208641,0.0001,0.011162440465374247,-9.762460433357987,-1.2786546747047671
0.005,0.995,1.554964829208641,0.001,0.14015658678175333,-9.727755830788102,-1.098626992492112
0.005,0.995,1.554964829208641,0.01,0.7173953885249591,-9.381525613541854,0.08986348885447037
0.005,0.995,1.554964829208641,0.03,1.6581740168318968,-8.598232671761739,1.6684513257386506
0.005,0.995,1.554964829208641,0.1,3.8727706891950455,-5.725713288963506,5.406188173342824
0.005,0.995,1.554964829208641,0.3,8.019119710698495,3.531937011080334,13.41884857063233
0.005,0.995,1.554964829208641,1.0,17.081568383810705,46.80316498406485,54.09414420542081
0.012150585609624,0.987849414390376,1.5941705588746198,0.0001,0.010561502507684522,-8.209206374995254,-1.8045183000723852
0.012150585609624,0.987849414390376,1.5941705588746198,0.001,0.09594802893197799,-8.17406372153011,-1.6136273583059675
0.012150585609624,0.987849414390376,1.5941705588746198,0.01,0.7566487891158271,-7.8117142288209696,-0.12175258195600569
0.012150585609624,0.987849414390376,1.5941705588746198,0.03,1.736350520629114,-7.004436696895254,1.9795418765781458
0.012150585609624,0.987849414390376,1.5941705588746198,0.1,4.069298043966587,-4.0454428479659255,6.546693378002502
0.012150585609624,0.987849414390376,1.5941705588746198,0.3,8.269897979137257,5.421502715314198,14.934322774984231
0.012150585609624,0.987849414390376,1.5941705588746198,1.0,17.250970794469474,49.202407319860725,56.25000248367063
0.02,0.98,1.6261630671505252,0.0001,0.010108400277924418,-6.913392517771761,-2.0942968999870106
0.02,0.98,1.6261630671505252,0.001,0.09290140601362579,-6.87675672896023,-1.9045841158498684
0.02,0.98,1.6261630671505252,0.01,0.7295238548319972,-6.509406744692568,-0.25810870335127634
0.02,0.98,1.6261630671505252,0.03,1.7549645360837078,-5.679815443619755,2.165419710091129
0.02,0.98,1.6261630671505252,0.1,4.15157601598515,-2.6611786267560236,7.439995998574145
0.02,0.98,1.6261630671505252,0.3,8.396180193975841,6.945951431872125,16.052929560121758
0.02,0.98,1.6261630671505252,1.0,17.32130216813135,51.00985123147198,57.82771235809996
0.05,0.95,1.7102081936916065,0.0001,0.009006776273091746,-3.463070672362341,-2.4973282145543862
0.05,0.95,1.7102081936916065,0.001,0.08422642698193658,-3.4250323945155516,-2.2809111306127106
0.05,0.95,1.7102081936916065,0.01,0.6908256021679912,-3.0415812604246373,-0.4222608645859723
0.05,0.95,1.7102081936916065,0.03,1.7132706465830592,-2.1775255025376072,2.516133814656054
0.05,0.95,1.7102081936916065,0.1,4.165668742524829,0.9472347201213323,9.495972018797925
0.05,0.95,1.7102081936916065,0.3,8.461125373691557,10.759985059038165,18.765583557687762
0.05,0.95,1.7102081936916065,1.0,17.208849526619264,54.91709493506719,61.00293103574929
0.1,0.9,1.7984766149399474,0.0001,0.037604072990429026,-2.4232961772215953,-2.4232961772215953
0.1,0.9,1.7984766149399474,0.001,0.10944179863705875,-2.2064514242959854,-2.2064514242959854
0.1,0.9,1.7984766149399474,0.01,0.6264071904591036,-0.31974815291304015,-0.31974815291304015
0.1,0.9,1.7984766149399474,0.03,1.6044081956947378,1.2933561250390437,2.7766821952231266
0.1,0.9,1.7984766149399474,0.1,3.9675056936649677,4.423190945970167,10.400770852324472
0.1,0.9,1.7984766149399474,0.3,8.155836281536555,14.121131189907615,20.7454305198454
0.1,0.9,1.7984766149399474,1.0,16.551871966231232,57.06025956923498,62.164844829447205
0.2,0.8,1.9023266381531851,0.0001,0.006335241889023228,-1.8085108566367678,-1.8085108566367678
0.2,0.8,1.9023266381531851,0.001,0.060316341712567806,-1.6220607688013995,-1.6220607687938335
0.2,0.8,1.9023266381531851,0.01,0.5194353975977727,0.04300814314421107,0.045088616816937904
0.2,0.8,1.9023266381531851,0.03,1.3409039096507194,2.867679149762026,2.870370648390198
0.2,0.8,1.9023266381531851,0.1,3.4273674653547705,7.328546173106469,10.14792605533793
0.2,0.8,1.9023266381531851,0.3,7.1909765080814445,16.17282574966849,20.77489825715855
0.2,0.8,1.9023266381531851,1.0,14.702389779522544,54.72779852744492,58.32492600933128
0.35,0.65,1.9781284145609708,0.0001,0.004670436917398016,-0.9370341591825122,-0.9370341591825122
0.35,0.65,1.9781284145609708,0.001,0.061677400303072435,-0.8004077922292359,-0.8004077922292359
0.35,0.65,1.9781284145609708,0.01,0.3891064309244903,0.3731044647614558,0.3743653083634927
0.35,0.65,1.9781284145609708,0.03,1.014968330719808,2.5124535438730673,2.514046022777202
0.35,0.65,1.9781284145609708,0.1,2.6328627971223213,7.226466006476935,8.101101504014796
0.35,0.65,1.9781284145609708,0.3,5.599911277633042,14.197999118453797,16.74735984577329
0.35,0.65,1.9781284145609708,1.0,11.567567897888122,44.409458332228276,46.423741295115086
0.5,0.5,2.0,0.0001,0.00333095156092555,-0.39920146401118267,-0.3986869354953197
0.5,0.5,2.0,0.001,0.031877752135310154,-0.31576023180266743,-0.31523685162029286
0.5,0.5,2.0,0.01,0.2785227716367553,0.44741438679885914,0.44805481505195266
0.5,0.5,2.0,0.03,0.728072376362617,1.843789813565231,1.8446157578300417
0.5,0.5,2.0,0.1,1.8937509685154676,5.120842189037502,5.496174077456995
0.5,0.5,2.0,0.3,4.036638099166016,10.011675953363136,11.284289627129747
0.5,0.5,2.0,1.0,8.403046031112424,31.44876960604731,32.440869433917584
0.65,0.35,1.9781284145609708,0.0001,0.0021760762276525065,-0.12336687506062816,-0.12318116617188005
0.65,0.35,1.9781284145609708,0.001,0.020799187530207923,-0.0771902547325466,-0.07698899260568909
0.65,0.35,1.9781284145609708,0.01,0.18100382389801076,0.3372529732980183,0.3375201375496435
0.65,0.35,1.9781284145609708,0.03,0.4711991309505982,1.087635927071122,1.087999368639072
0.65,0.35,1.9781284145609708,0.1,1.217016979677819,2.7459597843799046,3.0348930006620494
0.65,0.35,1.9781284145609708,0.3,2.5776060764983417,5.640225066793184,6.157853271981458
0.65,0.35,1.9781284145609708,1.0,5.402520553113744,18.825082701350226,19.20694061054688
0.8,0.19999999999999996,1.902326638153185,0.0001,0.0011557301357677905,-0.018347752142633025,-0.018301828423288494
0.8,0.19999999999999996,1.902326638153185,0.001,0.01099378590226279,-0.0003791389301296586,-0.0003299470500439821
0.8,0.19999999999999996,1.902326638153185,0.01,0.09429417934195361,0.1541943747907721,0.1542666864566769
0.8,0.19999999999999996,1.902326638153185,0.03,0.24201966355224627,0.42545982172454183,0.42584730476816013
0.8,0.19999999999999996,1.902326638153185,0.1,0.611319282826717,0.9463587555376254,1.0659069282508267
0.8,0.19999999999999996,1.902326638153185,0.3,1.2714053966648753,2.172872929970874,2.303611365622377
0.8,0.19999999999999996,1.902326638153185,1.0,2.7040983427389422,8.322030380239577,8.407024660705622
0.9,0.09999999999999998,1.7984766149399471,0.0001,0.0005432238247773568,-0.0013863723014302123,-0.0013794229498606673
0.9,0.09999999999999998,1.7984766149399471,0.001,0.0051205167827809905,0.004035751210952704,0.004044360287816139
0.9,0.09999999999999998,1.7984766149399471,0.01,0.042742927532913075,0.0484338677146472,0.0484938659750309
0.9,0.09999999999999998,1.7984766149399471,0.03,0.10693381274016203,0.12000597504560234,0.12302825460209903
0.9,0.09999999999999998,1.7984766149399471,0.1,0.2602571465254681,0.2530200796933899,0.2781616203292412
0.9,0.09999999999999998,1.7984766149399471,0.3,0.5294469647043286,0.6803803032725575,0.7036006252705017
0.9,0.09999999999999998,1.7984766149399471,1.0,1.1678715296502618,3.156686534153319,3.1693852283867803
0.941,0.05900000000000005,1.7293523081666995,0.0001,0.00030937733553224327,-8.664337767152248e-05,-8.494456798180558e-05
0.941,0.05900000000000005,1.7293523081666995,0.001,0.002889787350529364,0.0020881658045296438,0.00209060009037274
0.941,0.05900000000000005,1.7293523081666995,0.01,0.023486001514491005,0.018952431719103054,0.018989590132589888
0.941,0.05900000000000005,1.7293523081666995,0.03,0.05735174936790632,0.040952478221151584,0.04580616089251172
0.941,0.05900000000000005,1.7293523081666995,0.1,0.13528168515502617,0.09602339012212345,0.10357200927553302
0.941,0.05900000000000005,1.7293523081666995,0.3,0.27281608751022307,0.29351753262007324,0.29947684054249335
0.941,0.05900000000000005,1.7293523081666995,1.0,0.6282953046477125,1.575101166903792,1.5779949267475921
0.97,0.030000000000000027,1.6589492204941254,0.0001,0.00015167692666169202,4.554454850466026e-05,4.584554909469725e-05
0.97,0.030000000000000027,1.6589492204941254,0.001,0.00139609255743416,0.0007131653681750228,0.0007136354727673644
0.97,0.030000000000000027,1.6589492204941254,0.01,0.010877612183958751,0.005453968886810506,0.005602065289075083
0.97,0.030000000000000027,1.6589492204941254,0.03,0.025623227704958253,0.010785011186443495,0.012148893730447499
0.97,0.030000000000000027,1.6589492204941254,0.1,0.05815728632951327,0.02943435518862933,0.03093949092698562
0.97,0.030000000000000027,1.6589492204941254,0.3,0.11811512425554413,0.10661833197251779,0.10760442045519304
0.97,0.030000000000000027,1.6589492204941254,1.0,0.2913444300813924,0.680107696164848,0.6805266841462394
0.987849414390376,0.01215058560962401,1.59417055887462,0.0001,5.903363189686232e-05,1.5552198368375087e-05,1.558430897270725e-05
0.987849414390376,0.01215058560962401,1.59417055887462,0.001,0.0005294742156759294,0.00014924872207190134,0.00014951383509577467
0.987849414390376,0.01215058560962401,1.59417055887462,0.01,0.00384130755444609,0.0008935274983487872,0.0010156924508185486
0.987849414390376,0.01215058560962401,1.59417055887462,0.03,0.00857587361774028,0.001999054475380245,0.002188676040606519
0.987849414390376,0.01215058560962401,1.59417055887462,0.1,0.018798416559194384,0.00678953655237098,0.006943213325850879
0.987849414390376,0.01215058560962401,1.59417055887462,0.3,0.04004091994130812,0.030836371361000144,0.03091767020620217
0.987849414390376,0.01215058560962401,1.59417055887462,1.0,0.10862727314106292,0.23810583012054345,0.23813601140171645
0.999,0.0010000000000000009,1.5199743874872944,0.0001,4.392461546588448e-06,2.298521841404218e-07,2.303519884753094e-07
0.999,0.0010000000000000009,1.5199743874872944,0.001,3.475035182198405e-05,1.5543083951802007e-06,1.7438054785091076e-06
0.999,0.0010000000000000009,1.5199743874872944,0.01,0.00019141280982378652,9.525092366671616e-06,1.0076157151752257e-05
0.999,0.0010000000000000009,1.5199743874872944,0.03,0.00039288090006170975,3.529776657060589e-05,3.5662136102773235e-05
0.999,0.0010000000000000009,1.5199743874872944,0.1,0.0009717256573978188,0.00022657868180691392,0.00022673370732362408
0.999,0.0010000000000000009,1.5199743874872944,0.3,0.0025752109963378673,0.0016403470657703977,0.0016404055058704434
0.999,0.0010000000000000009,1.5199743874872944,1.0,0.008175733638052402,0.016678366469236698,0.016678384880671714
